title,en,,Biotechnology Professional,Biotechnology Professional
title,en,Biosciences,Application Specialist,Biotechnology Professional
title,en,Biosciences,Microbiologist,Biotechnology Professional
title,en,Biosciences,Scientist,Scientist
title,en,Biosciences,Principal Scientist,Scientist
title,en,Biosciences,Scientific Officer,Scientist
title,en,Biosciences,Research Scientist,Research Scientist
title,en,Biosciences,Researcher,Research Scientist
title,en,,Independent Biotechnology Professional,Independent Biotechnology Professional
title,en,Biosciences,Research Assistant,Research Assistant
title,en,Biosciences,Laboratory Technician,Research Assistant
title,en,Biosciences,Biomedical Scientist,Research Assistant
title,en,Biosciences,Research Technician,Research Assistant
title,en,,Nanotechnology Professional,Nanotechnology Professional
title,en,,Independent Nanotechnology Professional,Nanotechnology Professional
title,en,Biosciences,Research Fellow,Research Fellow
title,en,Biosciences,Postdoctoral Fellow,Research Fellow
title,en,Biosciences,Postdoctoral Research Fellow,Research Fellow
title,en,Biosciences,Research Associate,Research Associate
title,en,,Scientist II,Scientist II
title,en,Biosciences,Postdoctoral Researcher,Postdoctoral Researcher
title,en,Biosciences,Postdoctoral Research Associate,Postdoctoral Researcher
title,en,Biosciences,Post-doc,Postdoctoral Researcher
