suffix,FAIA
suffix,FIA
suffix,FFA
suffix,AMCT
suffix,AMBCS
suffix,ACIM
suffix,AMIMA
suffix,AMIAP
suffix,AMSE
suffix,ACIB
suffix,ACIBS
suffix,ACSI
suffix,ACIArb
suffix,ACIOB
suffix,Aifs
suffix,ALA
suffix,ARAD.
suffix,ARCO
suffix,CAA
suffix,CMC
suffix,CPL
suffix,CPM
suffix,CTP
suffix,ACA
suffix,ACA
suffix,CA
suffix,RIBA
suffix,MCIAT
suffix,CAB
suffix,CBiol
suffix,MIBiol
suffix,MCIOB
suffix,MAIB
suffix,FCIBSE
suffix,MCIBSE
suffix,ACIBSE
suffix,MCABE&FCABE
suffix,ACCA
suffix,MIChemE
suffix,CChem
suffix,MICE
suffix,CCol
suffix,MCSD&FCSD
suffix,CDir
suffix,MIET
suffix,MInstE
suffix,CEng
suffix,Ch.EHOMREHIS
suffix,CEnvH
suffix,CEnv
suffix,CFACFA
suffix,FCILT
suffix,MICFor
suffix,MIGEM
suffix,CGeog
suffix,CGeol
suffix,CIPS
suffix,ACII
suffix,FCII
suffix,CITP
suffix,MCLIP
suffix,CL
suffix,ACILA
suffix,ACMA
suffix,FCMA
suffix,CMgr
suffix,CMarEng
suffix,CMarSci
suffix,CMarTech
suffix,MCIM
suffix,CMath
suffix,MInstMC
suffix,MIMechE
suffix,CMLI
suffix,CMILT
suffix,MRICS
suffix,FRICS
suffix,MIMinE
suffix,CPA
suffix,CPhys
suffix,MInstP
suffix,CPsychol
suffix,CPFA
suffix,CMIOSH
suffix,CFIOSH
suffix,CSci
suffix,CSciTeach
suffix,ACIS
suffix,FICS
suffix,CStat
suffix,MIStructE
suffix,CTA
suffix,CText
suffix,ATI
suffix,MRTPI
suffix,MCIWM
suffix,CWEM
suffix,FIMechE
suffix,FICE
suffix,FIET
suffix,FBCS
suffix,FCIArb
suffix,FCIB
suffix,FCIH
suffix,FCInstICES
suffix,FGS
suffix,FIMA
suffix,FICR
suffix,FIAP
suffix,FRAS
suffix,FRCO
suffix,FRGS
suffix,FAE
suffix,GCInstICES
suffix,EngTech
suffix,Cert.CIH
suffix,IEng
suffix,ICIOB
suffix,LRAD.
suffix,LCSD
suffix,LTI
suffix,LCGI
suffix,MBASW
suffix,MBCS
suffix,MCInstICES
suffix,MCIWEM
suffix,MIET
suffix,MCIArb
suffix,MCIEH
suffix,MCIH
suffix,MILT
suffix,MCSI
suffix,MIOA
suffix,MICS
suffix,MIMA
suffix,MIMMM
suffix,M.Inst.Pa
suffix,MIOM
suffix,MIAP
suffix,MICE
suffix,MCIHT
suffix,MIStructE
suffix,MIGEM
suffix,AMIMechE
suffix,MIMechE
suffix,MIET
suffix,TMIET
suffix,MLI
suffix,MRAeS
suffix,MHort
suffix,MRINA
suffix,MAE
suffix,MSE
suffix,FSE
suffix,MSPE
suffix,FSPE
suffix,PEng
suffix,TCInstICES
suffix,AssocRICS
suffix,FdA
suffix,FdEng
suffix,FdSc
suffix,AgrB
suffix,BA
suffix,BA(Admin)
suffix,BAcc
suffix,BACom
suffix,BAdmin
suffix,BAE
suffix,BAEcon
suffix,BA(Ed)
suffix,BA(FS)
suffix,BAgr
suffix,BAH
suffix,BAI
suffix,BAI(Elect)
suffix,BAI(Mech)
suffix,BALaw
suffix,BAO
suffix,BAppSc
suffix,BArch
suffix,BArchSc
suffix,BARelSt
suffix,BASc
suffix,BASoc
suffix,BASS
suffix,BATheol
suffix,BBA
suffix,BBLS
suffix,BBS
suffix,BBus
suffix,BChem
suffix,BCJ
suffix,BCL
suffix,BCLD(SocSc)
suffix,BClinSci
suffix,BCom
suffix,BCombSt
suffix,BCommEdCommDev
suffix,BComp
suffix,BComSc
suffix,BCoun
suffix,BD
suffix,BDes
suffix,BE
suffix,BEcon
suffix,BEcon&Fin
suffix,BEconSci
suffix,BEd
suffix,BEng
suffix,BES
suffix,BEng(Tech)
suffix,BFA
suffix,BFin
suffix,BFLS
suffix,BFST
suffix,BH
suffix,BHealthSc
suffix,BHSc
suffix,BHy
suffix,Bachelor
suffix,BJur
suffix,BL
suffix,BLE
suffix,BLegSc
suffix,BLib
suffix,BLing
suffix,BLitt
suffix,BLittCelt
suffix,BLS
suffix,BMedSc
suffix,BMet
suffix,BMid
suffix,BMin
suffix,BMS
suffix,BMSc
suffix,BMSc
suffix,BMS
suffix,BMus
suffix,BMusEd
suffix,BMusPerf
suffix,BN
suffix,BNS
suffix,BNurs
suffix,BOptom
suffix,BPA
suffix,BPharm
suffix,BPhil
suffix,BPhil(Ed)
suffix,BPhys
suffix,BPhysio
suffix,BPl
suffix,BRadiog
suffix,BSc
suffix,BScAgr
suffix,BSc(Dairy)
suffix,BSc(DomSc)
suffix,BScEc
suffix,BScEcon
suffix,BSc(Econ)
suffix,BSc(Eng)
suffix,BScFor
suffix,BSc(HealthSc)
suffix,BSc(Hort)
suffix,BSc(MCRM)
suffix,BSc(Med)
suffix,BSc(Mid)
suffix,BSc(Min)
suffix,BScPH
suffix,BSc(Psych)
suffix,BSc(Tech)
suffix,BSD
suffix,BSocSc
suffix,BSS
suffix,BStSu
suffix,BTchg
suffix,BTCP
suffix,BTech
suffix,BTechEd
suffix,BTh
suffix,BTheol
suffix,BTS
suffix,EdB
suffix,LittB
suffix,LLB
suffix,MA
suffix,MusB
suffix,ScBTech
suffix,ThB
suffix,DPhil
suffix,MD
suffix,MD(Res)
suffix,DDa
suffix,DCL
suffix,DLitt
suffix,DLit
suffix,DLit(Ed)
suffix,DM
suffix,DMus
suffix,DSc
suffix,DSc(Econ)
suffix,DSc(Eng)
suffix,DSc(Med)
suffix,DTech
suffix,DUniv
suffix,EngD
suffix,LittD
suffix,LLD
suffix,ScD
suffix,BDS
suffix,BMBS
suffix,BMBCh
suffix,BVS
suffix,BVetM
suffix,BVetMed
suffix,BVM&S
suffix,BVMedSc
suffix,BVSc
suffix,MAcc
suffix,MAnth
suffix,MArt
suffix,MBBS
suffix,MBChB
suffix,MBiochem
suffix,MBiol
suffix,MBiolSci
suffix,MBus
suffix,MChem
suffix,MChemPhys
suffix,MChiro
suffix,MComp
suffix,MDiv
suffix,MDes
suffix,MDrama
suffix,MEarthSci
suffix,MEcon
suffix,MEng
suffix,MEnvSc
suffix,MGeog
suffix,MGeol
suffix,MGeophys
suffix,MSci
suffix,MiF
suffix,MiM
suffix,MInf
suffix,MMark
suffix,MMath
suffix,MMathComp
suffix,MMathCompSci
suffix,MMathPhil
suffix,MMathPhys
suffix,MMathStat
suffix,MMet
suffix,MMORSE
suffix,MMS
suffix,MNatSc
suffix,MNursSc
suffix,MOcean
suffix,MOptom
suffix,MPharm
suffix,MPhys
suffix,MPhysPhil
suffix,MPlan
suffix,MSci
suffix,MStat
suffix,MTheol
suffix,VetMB
suffix,BCL
suffix,BPhil
suffix,LLM
suffix,MA
suffix,MArch
suffix,MASt
suffix,MBA
suffix,MBM
suffix,MBiolSc
suffix,MCD
suffix,MCh
suffix,MCL
suffix,MClinDent
suffix,MDes
suffix,MEd
suffix,MFA
suffix,MJur
suffix,MLib
suffix,MLitt
suffix,MMus
suffix,MOst
suffix,MPA
suffix,MPH
suffix,MPhil
suffix,MPP
suffix,MPS
suffix,MProf
suffix,MProfSt
suffix,MRes
suffix,MSc
suffix,MSocSc
suffix,MSSc
suffix,MSt
suffix,MSW
suffix,MTL
suffix,MTh
suffix,MTheol
suffix,MUniv
suffix,MusM
suffix,LLM
suffix,CGCI
suffix,CIPD
suffix,CAMS
suffix,APMP
suffix,CFE
suffix,BscHons
